lead_id,customer_id,product_interest,expected_order_qty,expected_order_date
LEAD00001,CUST00256,PROD00177,,2025-01-24
LEAD00002,CUST00201,PRO00180,195,2026-06-05
LEAD00003,CUST00439,SKU00072,61,2024-10-29
LEAD00004,CUST00060,PROD00121,295,2026-01-14
LEAD00005,CUST00397,ITM00175,26,
LEAD00006,CUST00449,PROD00084,222,2025-02-17
LEAD00007,CUST00499,ITM00070,320,2026-06-20
LEAD00008,CUST00042,SKU00181,282,2025-11-05
LEAD00009,CUST00246,PRO00087,173,2025-02-04
LEAD00010,CUST00372,PRO00039,21,2025-11-12
LEAD00011,CUST00014,PRO00180,141,2026-02-21
LEAD00012,CUST00145,PRO00100,228,2025-07-20
LEAD00013,CUST00176,PRO00119,169,2025-11-22
LEAD00014,CUST00403,ITM00128,154,2026-05-19
LEAD00015,CUST00225,PROD00051,445,2025-04-22
LEAD00016,CUST00016,PRO00100,175,2025-09-06
LEAD00017,CUST00271,PROD00051,225,2025-01-17
LEAD00018,CUST00016,ITM00021,451,2025-04-18
LEAD00019,CUST00013,PROD00182,10,2026-05-27
LEAD00020,CUST00133,PRO00151,463,2026-05-06
LEAD00021,CUST00286,PROD00117,306,2025-07-05
LEAD00022,CUST00198,ITM00158,467,2025-12-29
LEAD00023,CUST00121,PROD00059,197,2025-06-10
LEAD00024,,PRO00131,300,
LEAD00025,,PRO00180,399,2025-06-23
LEAD00026,CUST00048,PROD00167,66,2025-04-09
LEAD00027,CUST00377,PRO00151,156,2026-02-07
LEAD00028,CUST00312,SKU00009,306,2025-12-28
LEAD00029,CUST00199,PRO00156,54,2024-12-04
LEAD00030,CUST00197,SKU00196,239,2025-03-22
LEAD00031,CUST00028,PRO00100,359,2026-05-26
LEAD00032,CUST00415,PRO00022,376,2024-10-12
LEAD00033,CUST00482,ITM00158,188,2024-12-04
LEAD00034,CUST00211,ITM00050,64,2024-10-25
LEAD00035,CUST00437,ITM00070,172,2025-11-03
LEAD00036,CUST00339,SKU00009,201,2025-07-12
LEAD00037,CUST00075,PROD00044,331,2025-08-06
LEAD00038,CUST00074,SKU00002,136,2025-12-05
LEAD00039,CUST00018,SKU00103,,2025-10-25
LEAD00040,CUST00491,SKU00089,205,2026-06-19
LEAD00041,CUST00433,SKU00190,360,2026-04-16
LEAD00042,CUST00313,ITM00011,56,2025-03-26
LEAD00043,CUST00383,PROD00049,191,2026-01-23
LEAD00044,CUST00381,SKU00002,443,04/20/2025
LEAD00045,CUST00064,PROD00121,437,2025-01-05
LEAD00046,CUST00212,PROD00008,164,2026-04-26
LEAD00047,CUST00462,ITM00175,236,2025-12-04
LEAD00048,CUST00409,ITM00065,493,2026-04-06
LEAD00049,CUST00131,SKU00142,434,2026-02-18
LEAD00050,CUST00030,ITM00034,119,2026-05-11
LEAD00051,CUST00211,PROD00056,459,2025-01-30
LEAD00052,CUST00398,PROD00153,185,2025-01-04
LEAD00053,CUST00171,PRO00151,420,2025-04-16
LEAD00054,CUST00487,PRO00157,280,2025-08-31
LEAD00055,CUST00248,ITM00166,61,2024-10-27
LEAD00056,CUST00419,SKU00143,314,2025-04-23
LEAD00057,CUST00278,SKU00035,264,2024-11-14
LEAD00058,CUST00315,PRO00010,142,2026-04-02
LEAD00059,CUST00441,ITM00126,317,2025-12-16
LEAD00060,CUST00445,SKU00026,312,30-05-2025
LEAD00061,CUST00361,SKU00186,36,2025-03-27
LEAD00062,CUST00445,PROD00136,291,11/25/2025
LEAD00063,CUST00303,SKU00093,160,2025-03-30
LEAD00064,CUST00414,PRO00193,471,2025-09-27
LEAD00065,CUST00315,SKU00031,372,2026-05-06
LEAD00066,CUST00090,ITM00135,289,2025-03-29
LEAD00067,CUST00226,PROD00178,452,2025-09-05
LEAD00068,CUST00098,PRO00010,458,2025-01-08
LEAD00069,CUST00493,ITM00043,12,2025-10-26
LEAD00070,CUST00082,SKU00079,98,2024-11-19
LEAD00071,CUST00186,PRO00039,147,2026-04-25
LEAD00072,CUST00196,SKU00026,308,2024-12-20
LEAD00073,CUST00297,SKU00069,106,2025-11-04
LEAD00074,CUST00202,PROD00149,440,
LEAD00075,CUST00219,PROD00123,242,2025-11-06
LEAD00076,CUST00241,SKU00141,186,2025-03-21
LEAD00077,,SKU00067,94,2025-09-25
LEAD00078,,PROD00171,165,2024-12-30
LEAD00079,CUST00382,PRO00076,215,2025-04-25
LEAD00080,,PROD00171,222,2024-10-06
LEAD00081,CUST00449,PRO00074,410,2025-06-11
LEAD00082,CUST00024,SKU00093,94,2025-03-05
LEAD00083,CUST00469,PRO00028,,2024-11-01
LEAD00084,CUST00411,ITM00113,186,2025-07-02
LEAD00085,CUST00117,PRO00068,150,2025-07-24
LEAD00086,CUST00265,PROD00004,241,2025-01-01
LEAD00087,CUST00388,PROD00177,136,2026-02-10
LEAD00088,,ITM00040,28,2025-05-26
LEAD00089,CUST00366,PRO00029,172,
LEAD00090,CUST00419,PROD00018,74,01/11/2026
LEAD00091,CUST00206,PRO00076,365,2025-06-16
LEAD00092,CUST00252,ITM00058,276,2025-05-04
LEAD00093,CUST00297,PRO00007,69,2025-11-30
LEAD00094,CUST00487,ITM00135,482,2025-09-24
LEAD00095,CUST00063,PRO00053,445,2026-02-08
LEAD00096,CUST00353,SKU00098,224,2026-03-30
LEAD00097,CUST00118,SKU00173,208,2025-02-26
LEAD00098,CUST00119,PROD00102,350,2026-05-03
LEAD00099,CUST00493,ITM00021,182,2025-02-16
LEAD00100,CUST00014,ITM00034,87,12/31/2024
LEAD00101,CUST00005,PROD00167,115,2025-09-12
LEAD00102,CUST00300,ITM00015,39,2024-10-10
LEAD00103,CUST00192,ITM00023,460,2025-09-03
LEAD00104,,SKU00130,112,2025-10-11
LEAD00105,CUST00485,PROD00171,243,2025-12-17
LEAD00106,CUST00148,ITM00172,17,
LEAD00107,CUST00145,ITM00099,348,2025-01-01
LEAD00108,CUST00241,PROD00024,293,2026-01-20
LEAD00109,CUST00199,SKU00082,24,2026-06-26
LEAD00110,CUST00333,ITM00139,220,2025-09-28
LEAD00111,CUST00310,PRO00193,423,2026-02-05
LEAD00112,CUST00187,PRO00198,260,2026-01-14
LEAD00113,CUST00187,PROD00024,477,2024-12-17
LEAD00114,CUST00476,SKU00057,,2025-01-22
LEAD00115,CUST00128,ITM00158,418,2025-06-24
LEAD00116,CUST00007,ITM00110,445,2025-12-01
LEAD00117,CUST00325,PRO00144,181,2024-10-03
LEAD00118,CUST00165,ITM00166,117,2025-12-08
LEAD00119,CUST00023,PRO00150,229,2025-04-17
LEAD00120,CUST00119,PROD00145,211,2025-07-09
LEAD00121,CUST00131,PRO00007,244,2024-12-18
LEAD00122,CUST00400,PRO00039,297,
LEAD00123,CUST00482,PROD00165,25,2026-05-04
LEAD00124,CUST00225,ITM00175,64,2025-07-08
LEAD00125,CUST00411,ITM00091,61,2025-10-10
LEAD00126,CUST00285,PROD00153,500,2025-09-24
LEAD00127,CUST00341,PRO00150,51,2025-07-25
LEAD00128,CUST00172,PROD00121,,2026-04-03
LEAD00129,CUST00449,PRO00042,368,2025-02-17
LEAD00130,CUST00323,PRO00155,414,
LEAD00131,CUST00277,SKU00093,374,2024-10-14
LEAD00132,CUST00393,SKU00094,178,
LEAD00133,CUST00449,PROD00168,303,
LEAD00134,CUST00183,ITM00176,278,2025-10-04
LEAD00135,CUST00147,PRO00042,295,
LEAD00136,CUST00159,ITM00040,156,2025-07-29
LEAD00137,CUST00401,ITM00110,32,2026-05-02
LEAD00138,CUST00250,SKU00089,145,2026-05-25
LEAD00139,CUST00178,SKU00169,102,2024-10-06
LEAD00140,CUST00188,SKU00194,144,2026-05-20
LEAD00141,CUST00022,ITM00158,409,2025-08-18
LEAD00142,CUST00110,ITM00063,192,2024-12-09
LEAD00143,CUST00435,SKU00009,79,2026-04-06
LEAD00144,CUST00184,ITM00021,187,2025-11-09
LEAD00145,,SKU00118,326,2025-08-27
LEAD00146,CUST00153,SKU00086,409,2024-11-09
LEAD00147,CUST00095,SKU00116,363,2025-08-23
LEAD00148,,PRO00151,115,2025-12-18
LEAD00149,CUST00406,PRO00193,469,2026-01-29
LEAD00150,CUST00187,PROD00125,237,2025-08-13
LEAD00151,CUST00287,ITM00065,298,2024-12-02
LEAD00152,CUST00320,ITM00050,94,2025-04-12
LEAD00153,CUST00208,SKU00120,258,2024-10-28
LEAD00154,CUST00031,PRO00155,500,2025-02-26
LEAD00155,CUST00478,PROD00107,337,2025-04-02
LEAD00156,CUST00162,PRO00198,266,2024-12-03
LEAD00157,CUST00067,ITM00134,339,2026-03-03
LEAD00158,CUST00132,ITM00043,278,2026-01-27
LEAD00159,CUST00430,PROD00084,294,2025-06-07
LEAD00160,CUST00128,SKU00057,68,2025-12-10
LEAD00161,CUST00202,PROD00174,144,2025-06-10
LEAD00162,CUST00017,ITM00034,38,2024-11-14
LEAD00163,CUST00288,SKU00179,,2024-11-19
LEAD00164,CUST00436,SKU00197,171,2026-01-21
LEAD00165,CUST00244,SKU00181,243,2024-12-31
LEAD00166,CUST00163,SKU00196,442,2025-07-06
LEAD00167,CUST00389,SKU00124,265,2025-03-01
LEAD00168,CUST00249,PROD00117,388,2025-10-06
LEAD00169,CUST00234,ITM00011,413,2025-03-09
LEAD00170,CUST00128,SKU00190,188,2025-03-17
LEAD00171,CUST00136,ITM00111,360,2026-02-23
LEAD00172,CUST00483,SKU00072,58,2026-03-08
LEAD00173,CUST00444,PRO00013,431,2026-06-17
LEAD00174,CUST00289,ITM00172,150,2025-06-02
LEAD00175,CUST00012,SKU00083,41,2026-03-22
LEAD00176,CUST00438,SKU00124,,2024-11-15
LEAD00177,CUST00267,SKU00020,455,2026-03-25
LEAD00178,CUST00211,SKU00124,87,2026-04-06
LEAD00179,CUST00065,SKU00159,98,2026-05-25
LEAD00180,CUST00488,PROD00191,151,2025-12-08
LEAD00181,CUST00027,PROD00044,137,2025-05-06
LEAD00182,CUST00083,PROD00136,,2026-03-18
LEAD00183,CUST00086,PRO00150,476,2025-05-07
LEAD00184,CUST00344,SKU00154,210,2025-07-25
LEAD00185,CUST00253,PRO00064,409,2026-04-03
LEAD00186,CUST00003,PRO00022,141,2026-01-03
LEAD00187,CUST00221,PROD00145,204,2025-03-20
LEAD00188,CUST00390,PROD00049,47,2025-03-26
LEAD00189,CUST00164,PRO00076,308,2026-02-08
LEAD00190,CUST00332,SKU00116,30,2024-10-14
LEAD00191,CUST00382,ITM00112,178,2024-10-05
LEAD00192,CUST00337,ITM00176,240,2026-06-04
LEAD00193,CUST00459,SKU00088,308,2024-11-18
LEAD00194,CUST00327,PROD00075,308,2026-01-15
LEAD00195,CUST00325,ITM00096,63,2025-08-30
LEAD00196,CUST00102,ITM00091,349,2026-02-24
LEAD00197,CUST00206,PROD00149,187,2025-02-07
LEAD00198,CUST00390,ITM00111,,2025-08-31
LEAD00199,CUST00093,ITM00011,136,2025-08-31
LEAD00200,CUST00068,PRO00131,300,2025-03-11
LEAD00201,CUST00382,SKU00142,176,2025-03-23
LEAD00202,CUST00017,ITM00050,106,2025-03-25
LEAD00203,CUST00401,ITM00128,385,07/10/2025
LEAD00204,CUST00146,PRO00078,111,2026-02-11
LEAD00205,CUST00449,PROD00016,183,2026-04-24
LEAD00206,CUST00061,PROD00016,445,2025-02-21
LEAD00207,CUST00093,SKU00154,393,2025-06-18
LEAD00208,CUST00212,PROD00132,423,2026-05-16
LEAD00209,CUST00428,SKU00138,405,2026-01-01
LEAD00210,CUST00478,PROD00059,182,2025-02-20
LEAD00211,CUST00031,PROD00168,298,2025-02-18
LEAD00212,CUST00024,ITM00200,476,2026-04-17
LEAD00213,CUST00214,PROD00164,424,2025-05-27
LEAD00214,CUST00424,SKU00179,219,2025-03-28
LEAD00215,CUST00063,ITM00126,265,2025-02-05
LEAD00216,CUST00109,PRO00133,124,2025-03-04
LEAD00217,CUST00145,ITM00058,67,2025-07-09
LEAD00218,CUST00009,SKU00120,344,2025-03-07
LEAD00219,CUST00200,SKU00124,411,2024-11-25
LEAD00220,CUST00068,PRO00157,48,2026-05-16
LEAD00221,CUST00236,ITM00128,261,2026-05-13
LEAD00222,CUST00239,PROD00062,271,2025-05-06
LEAD00223,CUST00140,SKU00093,19,
LEAD00224,CUST00447,PRO00095,351,2025-07-13
LEAD00225,CUST00274,ITM00040,129,2026-01-07
LEAD00226,CUST00264,PRO00032,282,2025-11-14
LEAD00227,,SKU00026,22,2025-02-28
LEAD00228,CUST00365,PROD00075,247,2026-01-13
LEAD00229,CUST00410,PROD00168,324,2026-03-13
LEAD00230,CUST00042,PROD00084,145,2025-05-21
LEAD00231,CUST00149,PRO00097,115,2026-06-04
LEAD00232,CUST00074,PRO00133,55,2026-06-06
LEAD00233,CUST00325,ITM00071,401,2025-06-29
LEAD00234,CUST00089,ITM00065,313,2025-07-20
LEAD00235,,PRO00150,141,2025-04-20
LEAD00236,CUST00416,SKU00141,309,06/05/2025
LEAD00237,CUST00329,ITM00065,358,2026-04-20
LEAD00238,CUST00132,ITM00036,290,2024-11-13
LEAD00239,CUST00357,SKU00154,352,24-06-2025
LEAD00240,CUST00086,PROD00174,32,2026-06-28
LEAD00241,CUST00155,PRO00010,76,2025-11-22
LEAD00242,CUST00273,ITM00139,364,2026-02-13
LEAD00243,CUST00202,ITM00158,459,
LEAD00244,CUST00364,PROD00174,74,2025-07-28
LEAD00245,CUST00203,PROD00125,,2025-11-10
LEAD00246,CUST00183,PROD00145,273,2024-11-08
LEAD00247,CUST00336,SKU00140,37,2025-10-27
LEAD00248,CUST00239,SKU00094,255,2025-01-25
LEAD00249,CUST00115,SKU00002,156,
LEAD00250,CUST00247,ITM00015,337,
LEAD00251,CUST00065,PRO00198,385,2025-03-20
LEAD00252,CUST00079,SKU00196,453,2025-07-03
LEAD00253,CUST00030,ITM00099,272,2025-07-11
LEAD00254,CUST00327,PRO00010,464,2025-03-11
LEAD00255,CUST00003,SKU00138,465,2025-04-09
LEAD00256,CUST00213,SKU00009,294,2025-05-10
LEAD00257,CUST00007,PROD00171,371,2026-02-24
LEAD00258,,SKU00173,374,2025-04-27
LEAD00259,CUST00400,PRO00012,212,2025-04-22
LEAD00260,CUST00054,SKU00035,479,01/22/2026
LEAD00261,CUST00388,ITM00128,23,2025-05-02
LEAD00262,CUST00264,PROD00191,309,2026-02-20
LEAD00263,CUST00068,PROD00149,307,
LEAD00264,CUST00136,PROD00016,28,2026-02-18
LEAD00265,CUST00064,SKU00031,163,2025-09-02
LEAD00266,CUST00370,SKU00069,289,2025-04-25
LEAD00267,CUST00105,PRO00161,16,2025-04-06
LEAD00268,CUST00421,PRO00032,351,2025-12-24
LEAD00269,CUST00063,SKU00035,286,03/05/2025
LEAD00270,CUST00396,PRO00095,497,2026-01-08
LEAD00271,CUST00091,PROD00016,345,2026-06-14
LEAD00272,CUST00218,ITM00200,155,2025-12-30
LEAD00273,CUST00187,PRO00109,448,2026-06-23
LEAD00274,CUST00291,PRO00150,220,2025-05-02
LEAD00275,CUST00302,PRO00131,411,2025-03-06
LEAD00276,CUST00161,PRO00003,481,2025-12-16
LEAD00277,CUST00470,PROD00059,31,2025-03-06
LEAD00278,CUST00385,PRO00039,476,2025-01-28
LEAD00279,CUST00259,PRO00092,448,2026-01-28
LEAD00280,CUST00392,PRO00019,41,2026-06-28
LEAD00281,CUST00271,SKU00197,168,2024-11-23
LEAD00282,CUST00118,PROD00160,31,2026-06-10
LEAD00283,CUST00366,PRO00017,251,2025-04-26
LEAD00284,CUST00236,PROD00008,345,
LEAD00285,CUST00433,PRO00003,258,2025-08-06
LEAD00286,CUST00011,SKU00098,80,2024-11-14
LEAD00287,,PROD00182,67,2025-09-02
LEAD00288,CUST00092,SKU00152,264,2025-05-12
LEAD00289,CUST00431,PRO00161,205,2026-04-06
LEAD00290,CUST00037,ITM00139,465,2026-01-06
LEAD00291,CUST00069,ITM00111,206,2025-03-09
LEAD00292,CUST00388,PRO00013,66,2024-12-04
LEAD00293,CUST00093,PRO00068,350,2025-03-04
LEAD00294,CUST00485,SKU00194,176,2024-12-19
LEAD00295,CUST00364,PROD00167,56,2026-06-28
LEAD00296,CUST00329,PROD00153,491,2024-12-21
LEAD00297,,PROD00004,469,2025-12-13
LEAD00298,CUST00390,PRO00148,358,2025-06-18
LEAD00299,CUST00480,SKU00122,18,2025-12-03
LEAD00300,CUST00354,SKU00118,432,2026-04-28
LEAD00301,CUST00275,PROD00102,278,
LEAD00302,CUST00065,PROD00080,,2025-03-25
LEAD00303,CUST00138,ITM00110,259,2025-07-17
LEAD00304,CUST00491,SKU00124,473,2024-11-04
LEAD00305,CUST00376,ITM00015,498,2026-04-21
LEAD00306,CUST00129,ITM00158,232,2026-04-13
LEAD00307,CUST00199,PRO00087,42,2025-03-28
LEAD00308,CUST00273,ITM00043,248,2025-05-29
LEAD00309,CUST00263,PRO00133,282,2026-01-08
LEAD00310,CUST00154,PROD00008,447,2025-07-27
LEAD00311,CUST00263,PRO00087,429,2026-06-30
LEAD00312,CUST00129,ITM00172,184,2024-11-06
LEAD00313,CUST00493,ITM00036,431,
LEAD00314,CUST00231,ITM00050,,2025-09-24
LEAD00315,CUST00263,PROD00048,110,
LEAD00316,CUST00148,ITM00128,412,2024-10-14
LEAD00317,CUST00120,SKU00130,430,2026-04-16
LEAD00318,CUST00347,PRO00163,69,
LEAD00319,CUST00160,PRO00109,402,2025-10-16
LEAD00320,CUST00268,SKU00122,50,2024-11-20
LEAD00321,CUST00023,SKU00138,,2024-11-16
LEAD00322,CUST00032,PROD00178,420,2026-06-12
LEAD00323,CUST00404,ITM00065,49,2024-10-03
LEAD00324,CUST00498,SKU00122,48,
LEAD00325,CUST00414,PRO00013,472,2025-10-18
LEAD00326,CUST00095,PRO00068,386,2025-07-02
LEAD00327,CUST00420,PRO00100,63,2025-08-27
LEAD00328,CUST00396,SKU00152,360,2026-05-06
LEAD00329,CUST00010,PROD00044,497,2025-08-05
LEAD00330,CUST00409,PROD00165,493,2025-08-12
LEAD00331,CUST00302,ITM00034,335,28-04-2026
LEAD00332,CUST00425,ITM00110,94,2025-09-13
LEAD00333,CUST00466,ITM00166,324,2026-06-16
LEAD00334,CUST00190,ITM00015,331,2026-05-30
LEAD00335,,SKU00154,200,2025-09-27
LEAD00336,CUST00420,PROD00051,83,2025-10-07
LEAD00337,CUST00050,PRO00095,413,
LEAD00338,CUST00081,SKU00169,138,2025-04-09
LEAD00339,CUST00129,PROD00167,477,2026-06-27
LEAD00340,CUST00310,ITM00189,497,2024-11-24
LEAD00341,CUST00168,PRO00198,60,2025-11-05
LEAD00342,CUST00276,PROD00185,123,
LEAD00343,CUST00343,SKU00141,309,2026-02-01
LEAD00344,CUST00189,SKU00196,322,2025-03-23
LEAD00345,CUST00454,PROD00132,145,2025-04-21
LEAD00346,CUST00163,SKU00098,344,2024-11-07
LEAD00347,CUST00027,PRO00155,68,2025-01-28
LEAD00348,CUST00288,SKU00086,201,2024-11-24
LEAD00349,CUST00146,PROD00044,231,2024-10-13
LEAD00350,CUST00094,PRO00097,238,2026-03-13
LEAD00351,CUST00058,SKU00103,481,2025-05-15
LEAD00352,CUST00197,PRO00146,229,2025-07-28
LEAD00353,CUST00310,PRO00156,,2026-06-11
LEAD00354,CUST00441,SKU00069,456,2025-12-04
LEAD00355,CUST00125,SKU00190,100,
LEAD00356,CUST00181,PROD00185,251,23-11-2025
LEAD00357,CUST00155,ITM00135,249,2025-06-08
LEAD00358,CUST00450,PRO00133,31,2025-05-22
LEAD00359,CUST00171,ITM00058,260,2025-03-15
LEAD00360,CUST00074,PROD00185,405,2026-04-17
LEAD00361,CUST00366,SKU00054,314,2025-05-01
LEAD00362,CUST00442,PRO00027,40,2025-08-22
LEAD00363,CUST00044,PROD00049,,2025-12-07
LEAD00364,CUST00323,PRO00066,335,
LEAD00365,CUST00319,SKU00124,108,
LEAD00366,CUST00220,PRO00148,31,
LEAD00367,CUST00187,PROD00199,415,2026-03-31
LEAD00368,CUST00278,PRO00137,,
LEAD00369,CUST00011,PROD00199,487,2026-03-21
LEAD00370,CUST00060,SKU00069,43,2025-08-16
LEAD00371,CUST00440,PRO00005,94,2025-08-20
LEAD00372,CUST00350,PROD00075,161,2026-01-20
LEAD00373,CUST00181,ITM00110,379,2025-06-15
LEAD00374,,SKU00093,204,2026-02-15
LEAD00375,CUST00200,ITM00096,111,2024-11-27
LEAD00376,CUST00113,SKU00067,,2025-02-02
LEAD00377,CUST00449,SKU00197,344,2025-10-01
LEAD00378,CUST00416,SKU00152,405,2025-08-23
LEAD00379,CUST00302,PROD00117,200,2025-11-22
LEAD00380,CUST00466,PROD00024,484,2025-10-12
LEAD00381,CUST00157,ITM00071,235,2025-08-25
LEAD00382,CUST00436,PRO00131,288,2024-10-07
LEAD00383,CUST00304,PRO00052,140,
LEAD00384,CUST00188,SKU00194,170,2025-01-19
LEAD00385,CUST00331,PROD00177,,
LEAD00386,CUST00472,SKU00035,365,2026-05-16
LEAD00387,CUST00027,SKU00002,251,2025-11-11
LEAD00388,CUST00233,PROD00167,108,2026-04-28
LEAD00389,CUST00048,PROD00108,428,2025-08-09
LEAD00390,CUST00313,PRO00198,73,2024-12-20
LEAD00391,CUST00023,SKU00124,367,2026-04-19
LEAD00392,CUST00108,SKU00170,124,2026-05-18
LEAD00393,CUST00434,SKU00089,233,2026-06-30
LEAD00394,CUST00440,PRO00104,254,2024-10-14
LEAD00395,CUST00087,PRO00042,479,2025-09-04
LEAD00396,CUST00367,ITM00077,459,2026-03-25
LEAD00397,CUST00384,SKU00159,250,2026-03-09
LEAD00398,CUST00085,PROD00153,163,04-01-2026
LEAD00399,CUST00454,PROD00024,30,2024-12-29
LEAD00400,CUST00355,PRO00081,359,2025-04-13
LEAD00401,CUST00310,PRO00144,105,2025-12-26
LEAD00402,CUST00070,SKU00173,112,03/06/2026
LEAD00403,,ITM00033,339,2024-12-06
LEAD00404,CUST00111,SKU00154,417,2025-04-20
LEAD00405,CUST00102,PRO00064,256,2025-06-09
LEAD00406,CUST00140,SKU00116,228,2025-08-26
LEAD00407,CUST00094,ITM00043,186,2025-03-04
LEAD00408,CUST00452,PROD00006,332,2025-08-05
LEAD00409,CUST00341,PRO00109,316,2025-11-08
LEAD00410,CUST00451,PROD00164,,2024-12-21
LEAD00411,CUST00061,PRO00005,481,2025-04-09
LEAD00412,CUST00110,PRO00198,405,2024-11-28
LEAD00413,CUST00179,PRO00003,187,2025-03-02
LEAD00414,CUST00254,ITM00113,482,2025-08-11
LEAD00415,,ITM00040,464,2026-04-23
LEAD00416,CUST00039,ITM00114,185,2026-02-02
LEAD00417,CUST00306,PRO00092,421,2026-06-18
LEAD00418,CUST00049,PROD00191,241,2025-01-23
LEAD00419,CUST00397,PROD00108,400,2026-01-11
LEAD00420,CUST00459,PROD00185,125,2026-03-06
LEAD00421,CUST00359,PRO00019,152,
LEAD00422,CUST00252,PROD00016,186,2026-06-15
LEAD00423,CUST00460,SKU00142,127,2026-02-13
LEAD00424,CUST00424,PRO00131,424,2025-02-23
LEAD00425,CUST00162,ITM00111,262,2025-04-29
LEAD00426,CUST00242,SKU00179,225,2025-02-10
LEAD00427,CUST00028,PRO00119,57,2025-04-30
LEAD00428,,ITM00135,360,2025-09-25
LEAD00429,CUST00020,SKU00083,413,2026-06-29
LEAD00430,CUST00119,PRO00038,318,2025-05-20
LEAD00431,CUST00416,ITM00112,45,2025-10-01
LEAD00432,CUST00276,SKU00041,82,2026-02-16
LEAD00433,CUST00409,PRO00109,263,2025-10-10
LEAD00434,CUST00308,ITM00200,372,
LEAD00435,CUST00261,PRO00066,342,2025-08-05
LEAD00436,CUST00145,SKU00069,307,2026-04-18
LEAD00437,CUST00041,PROD00147,275,2026-04-04
LEAD00438,CUST00450,SKU00141,18,2025-11-11
LEAD00439,CUST00334,SKU00020,435,2025-08-07
LEAD00440,CUST00042,SKU00118,136,2026-03-06
LEAD00441,CUST00334,ITM00096,255,2026-01-20
LEAD00442,CUST00369,PROD00016,64,2025-09-12
LEAD00443,,SKU00130,212,2026-03-10
LEAD00444,CUST00077,ITM00166,275,2025-11-16
LEAD00445,CUST00464,ITM00021,165,2025-07-28
LEAD00446,CUST00239,PROD00121,388,2025-11-06
LEAD00447,CUST00005,SKU00094,291,2026-01-15
LEAD00448,CUST00257,SKU00169,444,2024-10-14
LEAD00449,CUST00323,PRO00064,213,2025-05-27
LEAD00450,CUST00178,SKU00169,209,2025-07-04
LEAD00451,CUST00407,ITM00114,361,2025-10-18
LEAD00452,CUST00267,PROD00136,464,2026-05-29
LEAD00453,CUST00076,PROD00184,36,2026-06-21
LEAD00454,CUST00263,PROD00132,328,2026-01-14
LEAD00455,CUST00053,ITM00158,47,2025-06-09
LEAD00456,CUST00299,PROD00160,219,2026-05-05
LEAD00457,CUST00258,PROD00106,172,2025-07-20
LEAD00458,CUST00045,SKU00054,469,2024-11-30
LEAD00459,CUST00308,ITM00139,295,2025-09-27
LEAD00460,CUST00418,PROD00168,264,2025-11-26
LEAD00461,CUST00404,PRO00109,217,2025-07-27
LEAD00462,CUST00315,PRO00097,462,2025-01-13
LEAD00463,CUST00019,PRO00027,138,2026-05-17
LEAD00464,CUST00036,ITM00071,214,2025-03-09
LEAD00465,CUST00243,PRO00131,245,2026-02-03
LEAD00466,CUST00054,PRO00097,377,2024-11-13
LEAD00467,CUST00170,PROD00073,477,
LEAD00468,CUST00133,ITM00065,491,2026-04-23
LEAD00469,CUST00433,PRO00163,464,02/02/2025
LEAD00470,CUST00298,SKU00120,104,2025-04-04
LEAD00471,CUST00096,SKU00122,314,2025-03-23
LEAD00472,CUST00402,PROD00090,74,2024-11-20
LEAD00473,CUST00104,PROD00108,467,2025-12-05
LEAD00474,CUST00053,SKU00141,78,
LEAD00475,CUST00126,ITM00050,196,2025-07-19
LEAD00476,CUST00495,PROD00090,60,2026-06-04
LEAD00477,CUST00486,PROD00102,140,2026-02-06
LEAD00478,,PROD00048,198,2025-06-22
LEAD00479,CUST00304,ITM00112,372,2025-05-16
LEAD00480,CUST00492,ITM00126,312,2025-12-29
LEAD00481,CUST00313,SKU00197,106,2025-06-27
LEAD00482,CUST00338,ITM00105,328,2025-03-25
LEAD00483,CUST00301,PROD00199,475,2026-02-12
LEAD00484,CUST00152,PROD00132,146,2024-11-24
LEAD00485,CUST00449,SKU00082,333,2025-09-17
LEAD00486,CUST00317,SKU00143,,2025-05-08
LEAD00487,CUST00471,ITM00050,158,2025-04-14
LEAD00488,CUST00371,PRO00039,402,2025-05-08
LEAD00489,CUST00227,PROD00149,440,2026-02-24
LEAD00490,CUST00418,SKU00124,81,01/04/2025
LEAD00491,CUST00361,ITM00015,194,2025-12-06
LEAD00492,CUST00214,ITM00011,,04/27/2026
LEAD00493,CUST00199,PROD00164,482,2025-10-08
LEAD00494,CUST00221,PROD00178,118,2025-12-18
LEAD00495,,ITM00033,223,2025-01-07
LEAD00496,CUST00097,ITM00011,40,2025-05-16
LEAD00497,CUST00472,PRO00028,91,2024-12-14
LEAD00498,CUST00379,PRO00180,130,
LEAD00499,CUST00276,ITM00077,41,04/04/2025
LEAD00500,CUST00064,PRO00007,270,2025-10-03
LEAD00501,CUST00448,PRO00104,282,2026-03-04
LEAD00502,CUST00484,SKU00173,113,03-12-2025
LEAD00503,CUST00069,PRO00150,305,2025-08-27
LEAD00504,CUST00253,PROD00018,384,2025-08-21
LEAD00505,CUST00094,ITM00127,487,2025-06-23
LEAD00506,CUST00485,SKU00057,341,2025-04-08
LEAD00507,CUST00068,PRO00068,269,
LEAD00508,CUST00160,PRO00028,329,2025-01-10
LEAD00509,CUST00338,PRO00028,130,2025-05-29
LEAD00510,CUST00351,PRO00019,417,2025-04-08
LEAD00511,CUST00287,SKU00169,,2026-06-11
LEAD00512,CUST00026,ITM00105,389,2025-04-24
LEAD00513,CUST00366,PRO00007,274,2025-07-29
LEAD00514,CUST00393,ITM00139,155,2024-10-08
LEAD00515,CUST00163,SKU00088,58,2025-11-24
LEAD00516,CUST00342,PROD00132,371,2025-02-07
LEAD00517,CUST00239,PRO00180,342,2026-05-18
LEAD00518,CUST00131,ITM00112,482,2025-08-09
LEAD00519,CUST00238,ITM00001,330,2025-03-29
LEAD00520,CUST00227,PROD00145,,2026-04-06
LEAD00521,CUST00028,PROD00044,211,2025-11-09
LEAD00522,CUST00271,ITM00025,419,2026-06-28
LEAD00523,CUST00046,SKU00009,346,2026-01-16
LEAD00524,CUST00102,SKU00031,74,2026-03-22
LEAD00525,CUST00037,ITM00166,359,2025-10-02
LEAD00526,CUST00334,ITM00099,135,2026-03-25
LEAD00527,CUST00412,PRO00100,,2024-12-31
LEAD00528,CUST00434,ITM00200,332,2025-12-06
LEAD00529,CUST00047,PRO00038,224,2025-10-15
LEAD00530,CUST00392,ITM00176,419,2026-01-30
LEAD00531,CUST00091,SKU00057,146,2024-11-30
LEAD00532,CUST00200,ITM00033,184,2025-01-14
LEAD00533,CUST00320,PRO00087,275,
LEAD00534,CUST00147,PROD00129,311,2024-12-15
LEAD00535,CUST00220,ITM00043,150,2025-11-01
LEAD00536,CUST00387,SKU00101,75,2025-01-06
LEAD00537,CUST00360,ITM00112,410,2025-08-04
LEAD00538,CUST00491,SKU00002,137,2026-02-07
LEAD00539,CUST00374,PROD00107,306,2026-05-24
LEAD00540,CUST00237,SKU00054,249,2025-12-14
LEAD00541,CUST00329,PRO00037,26,
LEAD00542,CUST00323,ITM00111,,2026-06-03
LEAD00543,CUST00357,PROD00147,52,2025-01-26
LEAD00544,CUST00367,PROD00024,125,2025-02-07
LEAD00545,CUST00236,PROD00090,455,2024-11-26
LEAD00546,CUST00084,PROD00165,471,2026-06-29
LEAD00547,CUST00242,ITM00023,385,
LEAD00548,CUST00459,SKU00026,196,24-09-2025
LEAD00549,,ITM00126,,2024-12-16
LEAD00550,CUST00100,PROD00160,272,2025-03-07
LEAD00551,CUST00156,ITM00111,,2026-01-26
LEAD00552,CUST00228,PROD00108,281,2026-02-27
LEAD00553,CUST00290,PROD00084,221,21-01-2026
LEAD00554,CUST00467,PRO00131,326,2025-09-21
LEAD00555,CUST00387,PROD00051,56,2025-01-15
LEAD00556,CUST00436,PRO00156,15,2025-01-31
LEAD00557,CUST00418,ITM00135,80,2026-03-13
LEAD00558,CUST00399,PROD00182,437,2026-02-23
LEAD00559,CUST00473,SKU00002,292,2025-04-05
LEAD00560,CUST00206,PRO00053,84,2025-03-07
LEAD00561,CUST00133,SKU00122,194,2025-03-13
LEAD00562,CUST00396,PRO00038,111,2025-08-25
LEAD00563,CUST00186,PROD00051,474,2025-09-08
LEAD00564,CUST00375,ITM00158,401,2026-03-14
LEAD00565,CUST00260,SKU00120,70,
LEAD00566,CUST00096,SKU00083,111,2025-02-05
LEAD00567,CUST00414,SKU00188,327,2026-02-02
LEAD00568,CUST00425,ITM00166,477,2026-03-21
LEAD00569,CUST00146,PRO00161,434,2025-07-16
LEAD00570,CUST00040,SKU00141,16,2025-08-04
LEAD00571,,PROD00165,,2025-04-23
LEAD00572,CUST00098,ITM00158,278,2026-03-28
LEAD00573,CUST00461,PROD00191,254,2026-03-15
LEAD00574,CUST00198,SKU00152,319,20-12-2024
LEAD00575,CUST00430,PRO00198,442,2026-06-17
LEAD00576,CUST00243,SKU00143,407,2025-04-16
LEAD00577,CUST00294,PRO00066,57,2026-04-27
LEAD00578,CUST00415,PRO00078,189,2024-11-19
LEAD00579,CUST00369,PROD00185,444,12/04/2024
LEAD00580,CUST00221,SKU00020,,2025-08-23
LEAD00581,CUST00225,PRO00156,68,2025-06-15
LEAD00582,CUST00085,PRO00028,499,2026-03-21
LEAD00583,CUST00149,PRO00097,48,2024-12-10
LEAD00584,CUST00259,PROD00075,223,
LEAD00585,CUST00259,PRO00017,271,21-09-2025
LEAD00586,CUST00289,ITM00112,480,2025-01-29
LEAD00587,,SKU00046,85,2025-06-15
LEAD00588,CUST00051,SKU00118,334,
LEAD00589,CUST00092,PRO00078,483,2024-10-03
LEAD00590,CUST00149,PROD00192,156,2025-06-27
LEAD00591,,PRO00037,402,2025-06-29
LEAD00592,CUST00447,PROD00049,,2024-10-18
LEAD00593,CUST00145,ITM00071,382,
LEAD00594,CUST00128,SKU00103,460,2025-11-13
LEAD00595,CUST00073,SKU00152,468,2026-01-14
LEAD00596,CUST00166,PRO00198,165,2025-03-29
LEAD00597,CUST00064,SKU00072,95,2026-04-01
LEAD00598,CUST00240,PROD00153,325,2026-06-11
LEAD00599,CUST00472,SKU00138,334,2025-12-18
LEAD00600,CUST00236,PROD00171,352,2025-04-07
LEAD00601,CUST00394,PROD00004,26,2025-05-18
LEAD00602,CUST00143,SKU00170,361,2025-08-22
LEAD00603,CUST00466,PROD00160,368,2025-10-03
LEAD00604,CUST00482,PRO00144,301,2026-05-12
LEAD00605,,PRO00156,87,2025-01-09
LEAD00606,CUST00414,PRO00193,157,2025-05-11
LEAD00607,CUST00082,SKU00061,326,2026-05-18
LEAD00608,,SKU00020,,02-02-2026
LEAD00609,CUST00005,PRO00052,192,2025-08-02
LEAD00610,CUST00367,PROD00184,62,2025-01-08
LEAD00611,CUST00416,PRO00010,88,2026-04-24
LEAD00612,CUST00250,ITM00099,356,04/02/2025
LEAD00613,CUST00488,PROD00125,283,2026-03-25
LEAD00614,CUST00007,SKU00197,330,2025-04-20
LEAD00615,CUST00010,PROD00174,85,2025-07-20
LEAD00616,CUST00031,SKU00094,47,2025-12-25
LEAD00617,CUST00230,PRO00010,483,2025-08-13
LEAD00618,CUST00210,PROD00056,495,2026-05-19
LEAD00619,CUST00468,PRO00039,56,2025-09-17
LEAD00620,CUST00207,PROD00192,229,
LEAD00621,CUST00069,SKU00130,478,2025-11-03
LEAD00622,,PRO00005,335,2026-06-06
LEAD00623,CUST00136,PROD00171,162,2026-06-06
LEAD00624,CUST00246,PRO00131,,2025-01-06
LEAD00625,CUST00179,ITM00050,17,2025-09-26
LEAD00626,CUST00054,PRO00055,257,2025-06-06
LEAD00627,CUST00122,PROD00191,338,2026-04-10
LEAD00628,CUST00218,ITM00023,396,2025-06-01
LEAD00629,CUST00101,ITM00050,411,2024-10-09
LEAD00630,CUST00371,PROD00084,114,2025-11-12
LEAD00631,CUST00311,ITM00036,361,2024-12-16
LEAD00632,CUST00288,PRO00163,223,2025-10-13
LEAD00633,CUST00284,ITM00113,368,2026-01-17
LEAD00634,CUST00262,ITM00110,248,2025-11-07
LEAD00635,CUST00236,ITM00105,307,2025-08-26
LEAD00636,CUST00391,PROD00056,272,10/01/2025
LEAD00637,CUST00285,SKU00089,36,
LEAD00638,CUST00262,ITM00021,34,2025-12-27
LEAD00639,CUST00313,SKU00190,40,2026-05-13
LEAD00640,CUST00172,PROD00185,266,2024-12-21
LEAD00641,CUST00224,ITM00096,242,2025-01-01
LEAD00642,CUST00102,SKU00089,48,2025-12-05
LEAD00643,CUST00181,PRO00078,80,2024-10-18
LEAD00644,CUST00275,PRO00081,37,2025-11-10
LEAD00645,CUST00341,PROD00084,470,07-10-2025
LEAD00646,,SKU00170,216,2025-10-19
LEAD00647,CUST00072,PRO00092,471,2026-04-23
LEAD00648,CUST00118,SKU00026,132,2026-04-13
LEAD00649,CUST00398,PRO00081,458,2025-10-02
LEAD00650,CUST00057,PROD00123,185,2025-09-13
LEAD00651,CUST00118,ITM00063,489,2026-06-18
LEAD00652,CUST00156,PRO00042,440,2024-10-16
LEAD00653,CUST00307,PRO00027,481,2026-06-18
LEAD00654,CUST00221,PRO00013,116,2026-01-08
LEAD00655,CUST00074,ITM00071,295,2025-03-07
LEAD00656,CUST00012,ITM00036,18,2025-08-11
LEAD00657,CUST00106,PRO00163,162,2026-02-04
LEAD00658,CUST00461,PROD00147,46,2025-01-05
LEAD00659,CUST00253,PRO00162,163,2026-03-28
LEAD00660,CUST00191,PRO00022,134,2025-06-14
LEAD00661,CUST00473,PROD00165,438,2024-11-28
LEAD00662,CUST00242,PRO00092,353,2025-12-12
LEAD00663,CUST00067,SKU00103,381,2025-06-05
LEAD00664,CUST00271,PROD00107,116,2025-05-02
LEAD00665,CUST00085,SKU00179,486,2025-04-04
LEAD00666,CUST00372,PRO00066,104,2025-09-11
LEAD00667,CUST00435,ITM00158,119,2025-01-27
LEAD00668,CUST00225,PRO00027,89,2025-09-02
LEAD00669,CUST00233,PRO00066,491,2025-10-03
LEAD00670,CUST00192,ITM00071,444,2025-12-09
LEAD00671,CUST00252,PRO00115,190,2025-01-24
LEAD00672,CUST00326,PRO00030,,2026-06-04
LEAD00673,CUST00289,PRO00022,191,24-02-2026
LEAD00674,CUST00158,SKU00179,172,2025-05-05
LEAD00675,CUST00181,PRO00157,374,2026-01-27
LEAD00676,CUST00378,PROD00018,369,2025-08-26
LEAD00677,CUST00111,PROD00168,200,2025-02-05
LEAD00678,CUST00364,ITM00091,457,06-04-2025
LEAD00679,CUST00239,ITM00033,156,2025-09-24
LEAD00680,CUST00244,PRO00087,280,2025-02-10
LEAD00681,CUST00315,SKU00094,422,2025-09-15
LEAD00682,CUST00368,PROD00168,94,2025-07-13
LEAD00683,CUST00447,SKU00196,273,
LEAD00684,CUST00241,ITM00139,,2025-11-18
LEAD00685,CUST00060,SKU00188,,2025-10-03
LEAD00686,CUST00176,PRO00055,,2024-11-30
LEAD00687,CUST00386,PRO00030,354,2026-03-27
LEAD00688,CUST00223,SKU00026,451,2025-07-19
LEAD00689,CUST00203,PRO00060,318,2025-10-01
LEAD00690,CUST00151,PROD00008,188,2025-10-02
LEAD00691,CUST00345,SKU00054,17,2025-02-19
LEAD00692,CUST00080,PRO00010,402,2025-10-29
LEAD00693,CUST00125,PRO00052,89,2025-03-28
LEAD00694,CUST00248,SKU00154,290,2024-12-23
LEAD00695,CUST00175,SKU00093,226,2026-06-02
LEAD00696,CUST00124,SKU00170,451,2025-01-09
LEAD00697,CUST00038,ITM00189,200,2025-10-06
LEAD00698,CUST00220,SKU00082,231,
LEAD00699,CUST00348,PROD00075,23,
LEAD00700,CUST00032,SKU00169,352,2025-09-28
LEAD00701,CUST00390,PROD00056,381,2024-11-02
LEAD00702,CUST00407,PRO00155,210,2025-06-23
LEAD00703,CUST00291,SKU00138,196,2024-12-09
LEAD00704,CUST00167,PRO00007,188,2024-11-03
LEAD00705,CUST00319,PROD00018,117,
LEAD00706,CUST00023,PROD00168,338,2026-01-28
LEAD00707,CUST00462,PRO00028,449,2026-05-20
LEAD00708,CUST00078,PROD00147,256,2024-11-29
LEAD00709,CUST00184,SKU00041,363,2024-11-13
LEAD00710,CUST00062,PROD00178,17,2026-06-02
LEAD00711,CUST00146,PRO00150,210,2025-01-16
LEAD00712,CUST00237,PRO00017,146,2024-10-03
LEAD00713,CUST00365,PRO00047,176,2026-03-12
LEAD00714,CUST00280,ITM00112,28,2026-01-14
LEAD00715,CUST00135,ITM00139,454,31-10-2025
LEAD00716,CUST00190,PROD00062,422,2025-11-22
LEAD00717,CUST00446,SKU00069,182,2024-12-29
LEAD00718,CUST00234,ITM00134,285,2024-11-28
LEAD00719,,SKU00046,133,2025-12-01
LEAD00720,CUST00069,PROD00125,179,2026-01-27
LEAD00721,CUST00168,SKU00069,222,
LEAD00722,CUST00012,PRO00137,85,2024-11-06
LEAD00723,CUST00086,ITM00110,94,2026-05-15
LEAD00724,CUST00280,PRO00027,10,2025-04-05
LEAD00725,CUST00440,SKU00138,86,2025-12-24
LEAD00726,,PRO00028,467,2025-11-27
LEAD00727,CUST00215,PRO00156,23,2025-11-04
LEAD00728,CUST00377,PRO00156,466,2026-01-12
LEAD00729,CUST00103,PRO00156,430,2025-11-15
LEAD00730,CUST00191,PRO00155,94,2026-03-18
LEAD00731,CUST00236,SKU00142,482,2026-06-03
LEAD00732,CUST00034,PRO00064,213,2024-12-25
LEAD00733,CUST00107,SKU00094,426,10-06-2025
LEAD00734,CUST00077,SKU00173,49,2025-07-20
LEAD00735,CUST00425,PROD00006,303,2024-11-01
LEAD00736,CUST00001,SKU00086,142,2025-10-12
LEAD00737,CUST00270,PRO00193,253,2025-04-23
LEAD00738,CUST00349,PROD00123,369,2024-11-01
LEAD00739,CUST00013,SKU00054,103,2026-01-15
LEAD00740,CUST00044,SKU00067,478,2025-09-22
LEAD00741,CUST00304,SKU00094,114,2026-06-28
LEAD00742,CUST00387,PROD00084,176,2025-07-25
LEAD00743,CUST00117,ITM00011,186,2026-05-10
LEAD00744,CUST00071,PRO00037,411,2025-10-24
LEAD00745,CUST00070,PRO00133,469,2025-06-22
LEAD00746,CUST00366,ITM00127,365,2025-08-08
LEAD00747,CUST00017,ITM00063,81,2025-12-04
LEAD00748,CUST00383,PRO00151,192,2026-05-09
LEAD00749,CUST00155,PROD00160,,2026-03-13
LEAD00750,CUST00176,PRO00060,350,2025-05-23
LEAD00751,CUST00318,SKU00116,257,2025-07-21
LEAD00752,CUST00195,SKU00035,268,2025-07-27
LEAD00753,CUST00478,ITM00158,,2025-06-24
LEAD00754,CUST00408,PROD00056,65,2026-04-24
LEAD00755,CUST00469,SKU00142,466,
LEAD00756,CUST00242,SKU00141,86,2025-05-24
LEAD00757,CUST00022,PRO00195,172,2026-06-15
LEAD00758,CUST00209,PROD00153,315,2025-06-05
LEAD00759,CUST00474,SKU00026,392,2026-03-03
LEAD00760,CUST00123,ITM00113,143,2025-08-13
LEAD00761,CUST00242,SKU00079,336,2025-09-07
LEAD00762,CUST00391,PRO00180,459,2025-02-12
LEAD00763,CUST00322,PRO00137,101,2025-03-21
LEAD00764,CUST00072,PRO00022,122,2026-06-09
LEAD00765,CUST00240,PRO00055,348,2025-12-08
LEAD00766,CUST00251,ITM00110,337,2025-06-10
LEAD00767,CUST00178,PRO00010,317,2026-06-02
LEAD00768,CUST00064,ITM00127,,2026-05-27
LEAD00769,CUST00427,ITM00043,51,2025-05-15
LEAD00770,CUST00084,ITM00058,224,2025-06-29
LEAD00771,CUST00047,ITM00040,189,
LEAD00772,CUST00292,PROD00121,187,2025-01-11
LEAD00773,CUST00128,PROD00048,492,2025-05-20
LEAD00774,CUST00269,SKU00124,298,2026-01-29
LEAD00775,CUST00347,PRO00074,191,2025-09-29
LEAD00776,CUST00277,PRO00161,309,2026-05-27
LEAD00777,CUST00348,PROD00129,487,2025-01-17
LEAD00778,CUST00147,ITM00033,295,2026-05-20
LEAD00779,CUST00102,SKU00035,92,2025-05-04
LEAD00780,CUST00020,PRO00052,29,2025-06-27
LEAD00781,CUST00252,PROD00121,116,2024-11-03
LEAD00782,CUST00358,PROD00167,423,2026-03-04
LEAD00783,CUST00072,SKU00002,343,2025-08-02
LEAD00784,CUST00192,PROD00048,288,2025-12-31
LEAD00785,CUST00061,ITM00112,216,2025-07-24
LEAD00786,CUST00314,ITM00114,378,2024-10-23
LEAD00787,CUST00320,ITM00034,404,2024-10-25
LEAD00788,CUST00001,PROD00178,425,2025-07-14
LEAD00789,CUST00250,SKU00101,293,2025-08-17
LEAD00790,CUST00028,ITM00025,438,2025-03-02
LEAD00791,CUST00402,SKU00152,185,02/16/2025
LEAD00792,,SKU00142,253,30-03-2025
LEAD00793,CUST00170,PROD00045,117,2025-10-26
LEAD00794,,SKU00054,187,2025-03-14
LEAD00795,CUST00473,SKU00141,198,2026-06-01
LEAD00796,CUST00497,SKU00179,444,2026-01-16
LEAD00797,CUST00095,SKU00143,383,2024-11-23
LEAD00798,CUST00055,ITM00175,413,2025-03-21
LEAD00799,CUST00156,PRO00133,447,2025-10-04
LEAD00800,CUST00207,PRO00030,270,2025-12-02
LEAD00801,CUST00023,SKU00067,88,2025-09-26
LEAD00802,CUST00082,PRO00005,307,2025-04-08
LEAD00803,CUST00476,PRO00156,222,2026-03-09
LEAD00804,CUST00091,PRO00137,52,
LEAD00805,CUST00464,PROD00016,231,2025-06-07
LEAD00806,CUST00213,SKU00143,463,2026-04-13
LEAD00807,CUST00443,SKU00093,164,2026-04-09
LEAD00808,CUST00376,SKU00026,363,2026-02-26
LEAD00809,CUST00323,SKU00141,343,2025-08-14
LEAD00810,CUST00492,PROD00045,182,
LEAD00811,CUST00232,PROD00090,62,2025-04-18
LEAD00812,CUST00164,ITM00033,20,2025-10-04
LEAD00813,CUST00413,PROD00191,404,2026-02-09
LEAD00814,CUST00421,SKU00142,99,2025-03-14
LEAD00815,CUST00383,PRO00195,274,2024-12-18
LEAD00816,CUST00157,PRO00052,343,2025-04-26
LEAD00817,CUST00004,PRO00095,143,2025-08-05
LEAD00818,CUST00480,PROD00008,315,2025-04-08
LEAD00819,CUST00401,PRO00055,203,2025-07-21
LEAD00820,CUST00072,PROD00192,461,2025-11-14
LEAD00821,CUST00143,SKU00009,58,2025-03-09
LEAD00822,CUST00437,PRO00017,454,2026-05-05
LEAD00823,CUST00206,PRO00032,364,2024-11-23
LEAD00824,,SKU00159,339,2025-01-25
LEAD00825,CUST00128,PRO00157,222,2025-04-08
LEAD00826,,PROD00073,305,2025-09-09
LEAD00827,CUST00447,PRO00148,116,2025-03-30
LEAD00828,CUST00237,PROD00123,202,2026-03-18
LEAD00829,CUST00055,PRO00146,289,2026-04-21
LEAD00830,CUST00206,SKU00026,498,2026-01-15
LEAD00831,CUST00291,SKU00103,214,2026-01-26
LEAD00832,CUST00445,PRO00074,52,2025-12-03
LEAD00833,CUST00173,SKU00088,336,2025-08-14
LEAD00834,CUST00304,SKU00122,465,
LEAD00835,CUST00129,PROD00024,92,2025-02-13
LEAD00836,CUST00177,PRO00060,56,2025-02-16
LEAD00837,CUST00452,ITM00111,126,2026-02-19
LEAD00838,CUST00133,SKU00143,362,2025-07-24
LEAD00839,CUST00239,ITM00105,182,2025-11-15
LEAD00840,CUST00459,PROD00016,204,2026-03-05
LEAD00841,CUST00030,PRO00095,390,2025-06-29
LEAD00842,CUST00217,PROD00178,146,2025-09-13
LEAD00843,CUST00118,SKU00101,325,2025-01-25
LEAD00844,CUST00145,PROD00125,12,2025-06-06
LEAD00845,CUST00011,SKU00094,269,2026-02-16
LEAD00846,CUST00279,PRO00028,77,2026-04-09
LEAD00847,CUST00153,PROD00090,394,06/05/2026
LEAD00848,CUST00183,PROD00182,219,2025-08-22
LEAD00849,CUST00003,PROD00084,,2026-06-08
LEAD00850,CUST00169,ITM00058,303,2025-07-08
LEAD00851,CUST00496,SKU00035,475,2026-05-08
LEAD00852,CUST00121,PROD00165,56,2026-02-05
LEAD00853,CUST00060,PRO00095,301,2025-02-14
LEAD00854,CUST00186,PROD00004,20,2025-01-06
LEAD00855,,PRO00115,167,2025-11-02
LEAD00856,CUST00320,PROD00049,366,
LEAD00857,CUST00186,ITM00172,483,2024-10-05
LEAD00858,CUST00251,ITM00176,286,
LEAD00859,CUST00336,SKU00188,418,2026-05-25
LEAD00860,CUST00008,PROD00049,34,2026-04-07
LEAD00861,CUST00291,SKU00103,256,
LEAD00862,CUST00081,SKU00089,242,2026-04-29
LEAD00863,CUST00367,PROD00059,373,2025-02-22
LEAD00864,CUST00412,PRO00151,346,2025-06-22
LEAD00865,CUST00014,ITM00189,102,2024-11-05
LEAD00866,CUST00191,PROD00160,178,2025-11-27
LEAD00867,,PRO00156,488,2025-09-28
LEAD00868,CUST00217,PRO00148,442,2024-11-17
LEAD00869,CUST00454,PROD00106,95,2026-01-03
LEAD00870,CUST00298,PRO00060,106,2024-10-04
LEAD00871,CUST00083,SKU00069,19,2025-11-29
LEAD00872,CUST00286,PRO00064,333,2024-11-08
LEAD00873,CUST00277,ITM00189,55,2025-02-02
LEAD00874,CUST00242,PRO00060,433,2025-05-12
LEAD00875,CUST00121,PRO00039,437,2024-11-10
LEAD00876,CUST00411,SKU00082,308,2026-03-28
LEAD00877,CUST00264,PROD00132,198,2026-05-28
LEAD00878,CUST00477,PRO00161,77,2026-04-04
LEAD00879,CUST00300,SKU00089,289,2025-04-23
LEAD00880,CUST00004,SKU00143,225,05/12/2025
LEAD00881,CUST00050,PRO00013,202,2024-11-06
LEAD00882,CUST00101,PRO00078,332,2025-06-10
LEAD00883,CUST00314,ITM00091,453,2025-01-15
LEAD00884,CUST00422,PRO00131,299,2025-11-24
LEAD00885,CUST00372,PROD00121,406,2026-01-30
LEAD00886,CUST00370,SKU00169,69,2025-02-21
LEAD00887,CUST00382,ITM00176,485,2024-12-01
LEAD00888,CUST00317,PRO00068,226,2026-06-10
LEAD00889,CUST00309,PROD00132,342,2026-04-25
LEAD00890,CUST00191,SKU00194,92,2025-10-05
LEAD00891,CUST00173,ITM00176,54,2025-01-25
LEAD00892,CUST00066,PROD00147,190,2025-05-31
LEAD00893,CUST00305,SKU00186,231,2024-12-13
LEAD00894,CUST00207,SKU00170,462,2026-03-09
LEAD00895,CUST00408,SKU00143,92,2026-01-02
LEAD00896,CUST00197,PRO00180,154,2026-01-12
LEAD00897,CUST00294,SKU00116,296,2026-02-03
LEAD00898,CUST00097,PRO00014,156,
LEAD00899,CUST00108,SKU00082,116,2025-04-09
LEAD00900,CUST00375,SKU00190,228,2025-08-13
LEAD00901,CUST00268,PROD00107,368,2026-05-27
LEAD00902,CUST00372,SKU00188,48,2026-02-12
LEAD00903,CUST00067,PROD00004,136,2025-12-27
LEAD00904,CUST00244,ITM00071,108,2024-11-05
LEAD00905,CUST00045,PRO00027,,
LEAD00906,CUST00418,SKU00098,177,2025-08-13
LEAD00907,CUST00177,SKU00143,304,2025-09-03
LEAD00908,CUST00182,PRO00030,351,2025-04-08
LEAD00909,CUST00291,ITM00043,455,2025-07-22
LEAD00910,CUST00116,PRO00027,345,2025-11-19
LEAD00911,CUST00346,PROD00125,260,2025-12-16
LEAD00912,CUST00260,PRO00144,449,2024-11-08
LEAD00913,CUST00059,PROD00167,445,2025-08-06
LEAD00914,CUST00351,PRO00195,348,2025-10-18
LEAD00915,CUST00046,PROD00160,20,2025-09-06
LEAD00916,CUST00031,PRO00078,490,2025-12-27
LEAD00917,CUST00318,SKU00079,,
LEAD00918,CUST00154,PRO00053,469,2026-06-28
LEAD00919,CUST00280,ITM00176,152,2026-02-08
LEAD00920,CUST00404,PRO00007,244,2026-04-10
LEAD00921,CUST00307,PROD00178,389,2026-04-29
LEAD00922,CUST00252,ITM00015,40,2024-12-07
LEAD00923,CUST00289,PRO00095,349,25-04-2025
LEAD00924,CUST00103,PRO00156,117,2025-06-27
LEAD00925,CUST00217,SKU00152,486,2025-03-08
LEAD00926,CUST00416,SKU00186,371,2025-10-15
LEAD00927,CUST00012,PRO00030,160,2024-10-05
LEAD00928,CUST00195,PRO00097,119,2024-10-11
LEAD00929,,SKU00020,188,2025-10-11
LEAD00930,CUST00286,PROD00129,439,2025-01-31
LEAD00931,CUST00429,SKU00116,414,2025-11-05
LEAD00932,,SKU00179,387,2025-10-12
LEAD00933,CUST00248,SKU00101,136,2025-03-03
LEAD00934,CUST00376,PRO00151,293,
LEAD00935,CUST00035,PRO00163,149,2026-05-04
LEAD00936,CUST00020,PRO00081,263,2025-06-14
LEAD00937,CUST00139,PRO00005,401,2025-07-28
LEAD00938,CUST00084,PRO00060,192,2025-11-09
LEAD00939,CUST00250,PRO00005,483,2026-05-21
LEAD00940,CUST00136,SKU00061,95,2025-06-01
LEAD00941,CUST00222,PRO00017,301,2025-01-04
LEAD00942,CUST00153,PRO00042,374,2025-03-05
LEAD00943,CUST00179,PROD00192,492,
LEAD00944,CUST00338,ITM00034,88,2025-03-09
LEAD00945,CUST00379,PROD00106,263,2024-11-05
LEAD00946,CUST00271,PRO00092,266,2025-12-15
LEAD00947,CUST00197,PROD00129,265,2025-08-17
LEAD00948,CUST00206,SKU00061,180,2025-06-12
LEAD00949,CUST00105,SKU00086,380,2026-01-15
LEAD00950,CUST00296,SKU00116,21,2025-01-08
LEAD00951,CUST00025,PROD00080,406,2026-03-10
LEAD00952,CUST00458,PROD00191,240,2025-10-30
LEAD00953,CUST00349,PROD00090,82,2026-03-25
LEAD00954,CUST00343,PROD00184,133,2024-12-22
LEAD00955,CUST00018,SKU00179,,2025-07-10
LEAD00956,CUST00216,SKU00194,97,2026-05-21
LEAD00957,CUST00310,SKU00120,270,2025-07-10
LEAD00958,CUST00397,PRO00156,400,2026-06-27
LEAD00959,CUST00049,ITM00158,87,2025-02-10
LEAD00960,CUST00088,PRO00085,428,2024-10-03
LEAD00961,CUST00367,ITM00111,144,2025-12-28
LEAD00962,CUST00173,SKU00069,168,2025-07-23
LEAD00963,CUST00073,PRO00095,488,2024-10-19
LEAD00964,CUST00325,ITM00034,367,2026-02-08
LEAD00965,CUST00254,PRO00066,496,2025-06-09
LEAD00966,CUST00034,ITM00176,226,2024-10-11
LEAD00967,CUST00059,SKU00031,488,2026-06-20
LEAD00968,CUST00451,PRO00029,87,2025-02-13
LEAD00969,CUST00128,PRO00092,89,2024-12-22
LEAD00970,CUST00393,SKU00186,51,2025-08-17
LEAD00971,CUST00104,ITM00134,304,2025-12-03
LEAD00972,CUST00226,ITM00040,352,2025-01-12
LEAD00973,CUST00221,PRO00038,140,2025-04-24
LEAD00974,CUST00445,ITM00021,56,2026-06-04
LEAD00975,CUST00351,PRO00081,463,2025-01-02
LEAD00976,CUST00199,PROD00090,55,2025-05-04
LEAD00977,CUST00454,SKU00116,385,04/25/2025
LEAD00978,CUST00124,SKU00169,246,2025-07-29
LEAD00979,CUST00280,ITM00126,208,
LEAD00980,CUST00431,SKU00118,337,2025-06-14
LEAD00981,CUST00061,PRO00150,368,
LEAD00982,CUST00214,PROD00174,446,2025-06-28
LEAD00983,CUST00116,SKU00086,308,2025-12-07
LEAD00984,CUST00372,PRO00133,190,2026-03-05
LEAD00985,CUST00452,PROD00059,76,2026-01-26
LEAD00986,CUST00036,PRO00193,165,2024-12-29
LEAD00987,CUST00296,SKU00069,258,2025-11-24
LEAD00988,CUST00071,PRO00095,314,2026-02-24
LEAD00989,CUST00161,PRO00027,,2024-11-16
LEAD00990,CUST00287,PROD00164,42,2026-06-27
LEAD00991,CUST00059,SKU00194,39,2025-12-01
LEAD00992,CUST00240,SKU00120,409,2025-05-05
LEAD00993,CUST00312,ITM00001,417,2025-11-17
LEAD00994,CUST00203,SKU00159,85,2025-09-03
LEAD00995,CUST00216,ITM00050,444,2025-08-22
LEAD00996,CUST00450,ITM00058,91,2026-03-05
LEAD00997,CUST00210,PRO00074,361,05/21/2025
LEAD00998,CUST00249,ITM00015,115,2024-10-03
LEAD00999,CUST00318,ITM00065,352,2026-05-25
LEAD01000,CUST00031,SKU00124,331,2026-02-10
LEAD01001,CUST00386,PROD00187,248,2024-10-10
LEAD01002,CUST00069,PRO00180,55,
LEAD01003,CUST00117,PRO00157,113,2026-02-16
LEAD01004,CUST00483,PRO00151,152,2024-12-11
LEAD01005,CUST00249,PROD00165,464,2026-06-01
LEAD01006,CUST00012,SKU00035,250,2025-11-13
LEAD01007,CUST00260,PROD00062,364,2025-03-19
LEAD01008,CUST00468,PRO00137,297,2026-04-14
LEAD01009,CUST00193,PROD00168,80,2024-10-10
LEAD01010,CUST00410,SKU00118,99,2024-10-21
LEAD01011,CUST00450,PROD00045,289,2026-03-20
LEAD01012,CUST00181,PROD00177,42,2025-07-24
LEAD01013,CUST00368,PRO00104,43,2025-02-14
LEAD01014,CUST00102,SKU00082,90,2026-04-02
LEAD01015,CUST00093,SKU00188,379,
LEAD01016,CUST00374,PROD00045,375,2025-07-27
LEAD01017,CUST00038,PRO00151,318,2025-09-25
LEAD01018,,PROD00168,,
LEAD01019,CUST00215,ITM00126,289,2025-02-14
LEAD01020,CUST00078,SKU00190,378,2025-02-15
LEAD01021,CUST00497,PROD00024,379,2025-08-08
LEAD01022,CUST00415,PROD00178,,2024-12-01
LEAD01023,CUST00420,ITM00189,229,2026-01-12
LEAD01024,CUST00196,SKU00190,354,2025-11-09
LEAD01025,CUST00075,PRO00010,362,2025-04-06
LEAD01026,CUST00118,SKU00142,437,2026-02-04
LEAD01027,CUST00263,PRO00092,357,2024-10-17
LEAD01028,CUST00357,PROD00136,197,2026-02-15
LEAD01029,CUST00007,PRO00131,390,2025-04-25
LEAD01030,CUST00470,PROD00171,151,2025-09-18
LEAD01031,CUST00418,ITM00034,58,2025-07-20
LEAD01032,CUST00295,PRO00032,256,2024-12-10
LEAD01033,CUST00006,ITM00050,460,2024-10-24
LEAD01034,CUST00057,ITM00096,456,2026-04-01
LEAD01035,CUST00058,PROD00075,132,2025-11-03
LEAD01036,CUST00271,PRO00157,37,2025-04-07
LEAD01037,CUST00405,ITM00176,262,2025-05-16
LEAD01038,CUST00304,SKU00101,205,2025-11-10
LEAD01039,CUST00135,PRO00163,407,2025-05-13
LEAD01040,CUST00173,PRO00042,424,05/24/2026
LEAD01041,CUST00340,SKU00142,400,2026-01-11
LEAD01042,CUST00059,PRO00078,32,2025-09-15
LEAD01043,CUST00138,PRO00148,,2025-09-24
LEAD01044,CUST00267,PRO00010,180,2026-03-29
LEAD01045,CUST00320,PROD00192,158,2025-03-23
LEAD01046,CUST00113,ITM00021,144,2026-02-20
LEAD01047,CUST00103,ITM00023,417,2025-08-23
LEAD01048,CUST00424,ITM00139,95,2025-09-27
LEAD01049,CUST00383,PROD00018,307,2024-10-26
LEAD01050,CUST00295,SKU00061,287,
LEAD01051,CUST00271,PRO00007,495,2025-05-16
LEAD01052,CUST00340,SKU00118,466,2025-07-19
LEAD01053,CUST00435,SKU00181,336,2025-12-13
LEAD01054,CUST00175,PRO00137,36,2026-02-06
LEAD01055,CUST00452,SKU00120,493,2024-10-31
LEAD01056,CUST00327,ITM00050,440,2024-11-24
LEAD01057,CUST00221,SKU00009,313,2025-08-13
LEAD01058,CUST00497,PROD00171,394,2025-11-27
LEAD01059,CUST00006,SKU00103,488,2025-06-04
LEAD01060,CUST00065,ITM00023,348,2026-06-19
LEAD01061,CUST00421,SKU00154,468,2024-12-06
LEAD01062,CUST00216,ITM00172,386,2025-11-01
LEAD01063,CUST00116,PRO00109,347,2024-10-15
LEAD01064,CUST00444,PRO00133,191,2025-12-03
LEAD01065,CUST00125,ITM00070,,2024-10-29
LEAD01066,CUST00214,PROD00056,375,2026-05-01
LEAD01067,CUST00298,PRO00042,336,2025-10-11
LEAD01068,CUST00444,SKU00196,373,2026-01-19
LEAD01069,CUST00335,PRO00157,129,2025-02-04
LEAD01070,CUST00348,PROD00024,49,2025-10-06
LEAD01071,CUST00068,SKU00046,437,2024-10-28
LEAD01072,CUST00302,SKU00086,112,2025-11-12
LEAD01073,CUST00065,PROD00106,446,2025-12-17
LEAD01074,CUST00044,PROD00075,103,2026-01-19
LEAD01075,CUST00349,PRO00148,50,2025-02-26
LEAD01076,CUST00061,ITM00070,45,2025-02-19
LEAD01077,CUST00431,PRO00180,272,2025-10-15
LEAD01078,CUST00383,PROD00108,19,2025-10-15
LEAD01079,CUST00364,PROD00184,47,
LEAD01080,CUST00029,SKU00120,347,2026-06-02
LEAD01081,CUST00401,PRO00155,38,2024-11-11
LEAD01082,CUST00070,SKU00082,251,2025-09-19
LEAD01083,CUST00035,PROD00044,431,2025-11-18
LEAD01084,CUST00466,SKU00120,287,2025-09-27
LEAD01085,CUST00342,PRO00014,270,
LEAD01086,CUST00190,PRO00133,394,2026-04-20
LEAD01087,CUST00425,SKU00170,308,2024-12-16
LEAD01088,CUST00500,SKU00041,,2025-01-06
LEAD01089,CUST00497,SKU00194,227,2024-11-22
LEAD01090,CUST00126,PRO00074,218,2026-01-30
LEAD01091,CUST00114,SKU00116,18,2025-11-03
LEAD01092,CUST00323,ITM00111,473,
LEAD01093,CUST00454,PROD00073,324,2025-11-03
LEAD01094,CUST00090,SKU00124,219,2025-11-11
LEAD01095,CUST00102,PRO00074,143,2025-11-05
LEAD01096,CUST00338,PROD00132,58,2025-07-12
LEAD01097,CUST00473,PRO00115,81,2025-08-20
LEAD01098,CUST00088,PRO00012,238,2026-04-25
LEAD01099,CUST00394,PRO00030,291,2024-12-31
LEAD01100,CUST00187,PROD00024,126,2025-07-27
LEAD01101,CUST00484,PROD00153,15,
LEAD01102,CUST00030,ITM00015,42,2025-11-05
LEAD01103,CUST00291,SKU00086,123,2025-12-06
LEAD01104,CUST00179,PRO00081,136,
LEAD01105,CUST00109,PROD00048,460,2025-05-10
LEAD01106,CUST00062,PROD00044,59,2025-11-18
LEAD01107,CUST00060,PRO00115,447,2025-04-06
LEAD01108,CUST00081,PRO00028,485,2026-04-02
LEAD01109,CUST00175,PRO00066,26,2025-04-03
LEAD01110,CUST00477,PRO00068,58,2025-07-16
LEAD01111,CUST00167,PRO00030,223,2024-12-27
LEAD01112,CUST00261,PRO00131,228,2025-01-10
LEAD01113,CUST00168,PRO00115,255,2025-05-26
LEAD01114,CUST00398,SKU00083,334,2024-12-10
LEAD01115,CUST00466,PRO00042,327,2024-11-06
LEAD01116,CUST00304,PRO00068,79,2025-02-18
LEAD01117,CUST00191,ITM00158,354,2025-05-08
LEAD01118,CUST00143,SKU00152,293,09/15/2025
LEAD01119,CUST00441,PRO00119,201,2024-11-12
LEAD01120,CUST00057,SKU00057,430,2024-12-06
LEAD01121,CUST00050,PROD00051,347,2025-07-18
LEAD01122,CUST00011,SKU00188,177,2025-09-04
LEAD01123,CUST00249,ITM00112,389,2025-04-03
LEAD01124,CUST00104,PROD00123,351,2025-06-18
LEAD01125,CUST00446,ITM00065,58,2026-04-09
LEAD01126,CUST00097,PRO00005,,2026-05-26
LEAD01127,CUST00298,ITM00071,471,18-12-2024
LEAD01128,CUST00247,PROD00073,312,2024-11-02
LEAD01129,CUST00434,ITM00112,424,2026-03-04
LEAD01130,CUST00141,PRO00092,180,2025-06-27
LEAD01131,CUST00135,PRO00100,353,04/09/2025
LEAD01132,CUST00313,SKU00140,,2025-04-11
LEAD01133,CUST00013,PROD00129,377,2025-06-10
LEAD01134,CUST00182,ITM00176,136,2025-08-07
LEAD01135,CUST00179,PROD00199,309,24-05-2025
LEAD01136,,ITM00135,342,2025-05-13
LEAD01137,CUST00136,PRO00198,34,2025-03-20
LEAD01138,CUST00465,ITM00091,427,2026-01-02
LEAD01139,CUST00096,PRO00151,434,2024-10-17
LEAD01140,CUST00332,PRO00161,496,2025-08-27
LEAD01141,CUST00397,PRO00162,189,
LEAD01142,CUST00264,PRO00085,228,2025-09-05
LEAD01143,CUST00256,SKU00086,368,2025-07-21
LEAD01144,CUST00054,PRO00019,434,2026-01-30
LEAD01145,CUST00309,SKU00031,407,2026-04-22
LEAD01146,CUST00190,PROD00167,432,2025-08-14
LEAD01147,CUST00399,PROD00185,276,2026-01-19
LEAD01148,CUST00231,PRO00150,362,2026-06-01
LEAD01149,CUST00216,SKU00098,130,2025-03-11
LEAD01150,CUST00064,SKU00141,183,2026-06-11
LEAD01151,,SKU00173,155,2025-04-27
LEAD01152,CUST00205,PROD00187,394,2025-12-23
LEAD01153,CUST00353,SKU00083,289,2025-10-18
LEAD01154,CUST00159,PROD00024,87,2025-03-24
LEAD01155,CUST00048,PRO00161,119,2024-10-28
LEAD01156,CUST00311,PRO00005,108,2025-08-28
LEAD01157,CUST00230,ITM00113,92,2026-02-26
LEAD01158,CUST00244,PROD00008,278,2024-10-24
LEAD01159,CUST00184,SKU00067,49,2026-05-12
LEAD01160,CUST00499,PROD00167,215,2025-10-03
LEAD01161,CUST00479,PROD00056,198,2026-01-11
LEAD01162,CUST00386,SKU00118,487,2025-02-13
LEAD01163,CUST00493,PROD00192,232,
LEAD01164,CUST00062,ITM00175,473,2025-07-24
LEAD01165,CUST00285,PRO00055,462,2025-09-25
LEAD01166,CUST00121,SKU00130,365,
LEAD01167,CUST00131,SKU00101,396,2025-07-21
LEAD01168,CUST00467,PRO00052,108,2025-10-07
LEAD01169,CUST00273,PROD00129,,2026-01-31
LEAD01170,CUST00143,SKU00054,275,2025-10-11
LEAD01171,CUST00326,PROD00080,259,2024-10-31
LEAD01172,CUST00125,SKU00079,74,
LEAD01173,CUST00432,SKU00118,303,2025-01-12
LEAD01174,CUST00195,SKU00142,46,2024-11-05
LEAD01175,CUST00200,SKU00169,386,2024-11-08
LEAD01176,CUST00117,ITM00015,468,2025-02-11
LEAD01177,CUST00297,ITM00175,108,2025-06-14
LEAD01178,CUST00464,PROD00125,242,2026-01-07
LEAD01179,CUST00474,ITM00112,427,03-03-2025
LEAD01180,CUST00275,ITM00111,352,2024-12-04
LEAD01181,CUST00074,PRO00019,263,2025-03-30
LEAD01182,CUST00440,PRO00119,210,2026-06-04
LEAD01183,CUST00037,PRO00012,180,2025-11-26
LEAD01184,CUST00481,PRO00037,495,2025-10-14
LEAD01185,CUST00184,ITM00040,410,2026-04-10
LEAD01186,CUST00048,PROD00044,54,2025-05-24
LEAD01187,,PROD00136,84,2025-03-24
LEAD01188,CUST00430,SKU00083,412,2025-08-13
LEAD01189,CUST00468,ITM00036,41,2025-05-06
LEAD01190,CUST00310,PRO00012,373,2025-01-20
LEAD01191,CUST00249,PRO00014,102,
LEAD01192,CUST00365,SKU00101,360,2025-12-28
LEAD01193,CUST00153,PROD00164,277,2026-03-01
LEAD01194,CUST00432,ITM00011,33,2026-02-25
LEAD01195,CUST00322,SKU00072,228,2025-11-09
LEAD01196,CUST00454,PROD00080,244,2026-04-02
LEAD01197,CUST00144,PRO00131,247,2026-06-04
LEAD01198,CUST00380,PRO00137,77,2025-06-17
LEAD01199,CUST00290,ITM00065,367,2025-09-11
LEAD01200,CUST00069,SKU00098,307,2025-12-04
LEAD01201,CUST00445,PRO00085,202,2025-05-18
LEAD01202,CUST00417,ITM00071,289,
LEAD01203,CUST00005,SKU00143,416,05/19/2026
LEAD01204,CUST00411,ITM00043,129,2025-10-14
LEAD01205,CUST00126,SKU00101,14,2024-12-11
LEAD01206,CUST00462,PROD00102,115,2024-11-26
LEAD01207,CUST00035,ITM00175,352,2025-07-25
LEAD01208,CUST00023,PRO00104,269,2025-08-04
LEAD01209,CUST00208,PRO00092,,2025-03-22
LEAD01210,CUST00271,ITM00139,,2026-02-01
LEAD01211,CUST00098,PRO00017,426,2025-06-22
LEAD01212,CUST00364,PROD00108,212,2026-03-08
LEAD01213,CUST00376,PROD00006,267,2025-05-02
LEAD01214,CUST00225,PRO00047,388,
LEAD01215,CUST00465,PRO00003,495,2026-05-15
LEAD01216,CUST00431,PRO00150,166,2026-04-09
LEAD01217,,PRO00052,375,2025-09-28
LEAD01218,CUST00297,PROD00062,75,2025-04-28
LEAD01219,CUST00219,PROD00084,438,2026-02-02
LEAD01220,CUST00248,SKU00181,137,2025-01-24
LEAD01221,CUST00374,ITM00176,136,2025-08-11
LEAD01222,CUST00229,SKU00197,482,2025-11-28
LEAD01223,CUST00256,PROD00153,316,2024-11-13
LEAD01224,CUST00367,PROD00102,137,2025-04-24
LEAD01225,CUST00097,SKU00170,240,2025-06-25
LEAD01226,CUST00175,PRO00029,471,2025-10-13
LEAD01227,CUST00131,PROD00106,271,2025-12-05
LEAD01228,,ITM00025,301,
LEAD01229,CUST00197,ITM00113,148,2025-08-18
LEAD01230,CUST00099,ITM00200,392,2026-04-10
LEAD01231,CUST00092,SKU00079,358,2026-01-26
LEAD01232,,PRO00183,263,2024-10-06
LEAD01233,CUST00313,SKU00035,132,2026-03-31
LEAD01234,CUST00326,PRO00019,313,2024-11-05
LEAD01235,CUST00450,ITM00110,284,2026-01-07
LEAD01236,CUST00101,PROD00192,134,2025-06-14
LEAD01237,CUST00100,PRO00155,275,2025-02-09
LEAD01238,CUST00004,PRO00092,302,2026-04-12
LEAD01239,CUST00401,ITM00114,296,2025-02-12
LEAD01240,CUST00347,SKU00196,400,
LEAD01241,CUST00018,SKU00079,319,2025-11-13
LEAD01242,CUST00242,PROD00073,,2026-04-25
LEAD01243,CUST00023,SKU00083,376,2025-08-31
LEAD01244,CUST00450,PROD00191,388,2025-04-07
LEAD01245,CUST00012,PROD00073,376,2026-06-26
LEAD01246,CUST00322,SKU00181,289,2024-10-02
LEAD01247,CUST00215,ITM00134,328,2026-03-11
LEAD01248,CUST00395,SKU00083,86,2025-03-23
LEAD01249,CUST00215,PROD00051,408,2025-03-03
LEAD01250,CUST00351,PRO00060,61,2025-03-16
LEAD01251,CUST00190,ITM00096,251,2026-04-26
LEAD01252,CUST00007,SKU00026,311,2025-03-02
LEAD01253,CUST00006,ITM00034,429,2024-10-23
LEAD01254,CUST00060,PRO00042,102,2026-06-29
LEAD01255,CUST00409,ITM00189,158,
LEAD01256,CUST00431,PRO00038,63,2024-11-21
LEAD01257,CUST00487,PROD00164,161,2025-11-05
LEAD01258,CUST00062,PROD00049,39,2025-08-18
LEAD01259,CUST00015,PROD00062,139,2025-04-03
LEAD01260,CUST00013,PROD00160,47,2025-02-14
LEAD01261,CUST00203,PRO00039,54,2025-01-31
LEAD01262,CUST00354,PRO00146,306,2025-10-29
LEAD01263,CUST00049,SKU00173,409,2026-04-03
LEAD01264,CUST00389,ITM00128,251,2025-11-18
LEAD01265,CUST00022,SKU00143,162,2026-01-11
LEAD01266,CUST00243,PROD00102,228,2025-09-11
LEAD01267,CUST00268,PRO00030,309,2025-10-10
LEAD01268,CUST00394,PROD00006,300,2025-01-01
LEAD01269,CUST00134,PROD00045,66,2025-06-14
LEAD01270,CUST00336,PROD00123,71,2024-10-26
LEAD01271,CUST00015,SKU00186,439,2024-12-27
LEAD01272,CUST00304,PROD00192,411,2025-04-29
LEAD01273,CUST00382,SKU00152,436,2025-01-04
LEAD01274,CUST00383,SKU00083,106,2025-08-22
LEAD01275,CUST00328,SKU00041,447,2025-12-11
LEAD01276,CUST00180,PROD00182,288,2025-01-19
LEAD01277,CUST00324,PROD00187,416,2025-11-22
LEAD01278,CUST00297,ITM00126,239,2026-01-23
LEAD01279,CUST00410,PRO00131,162,2025-12-18
LEAD01280,CUST00369,PROD00117,154,2025-04-03
LEAD01281,CUST00274,SKU00103,23,2025-12-05
LEAD01282,CUST00432,SKU00054,418,2025-03-28
LEAD01283,CUST00357,PRO00100,118,2025-01-13
LEAD01284,CUST00247,SKU00098,416,2025-11-24
LEAD01285,CUST00076,ITM00158,318,2026-01-08
LEAD01286,CUST00361,PRO00047,,2025-09-13
LEAD01287,CUST00355,PRO00029,130,2024-11-14
LEAD01288,CUST00216,SKU00057,379,2025-01-25
LEAD01289,CUST00446,SKU00098,28,2025-10-14
LEAD01290,CUST00402,SKU00088,222,2024-11-08
LEAD01291,CUST00426,ITM00036,171,
LEAD01292,CUST00258,ITM00021,248,2025-01-25
LEAD01293,CUST00438,PRO00095,188,2025-04-12
LEAD01294,CUST00182,PRO00092,310,2026-01-02
LEAD01295,CUST00057,PROD00185,191,2026-04-11
LEAD01296,CUST00111,ITM00139,,2025-03-27
LEAD01297,CUST00096,PROD00147,431,2025-11-21
LEAD01298,CUST00171,SKU00186,128,2025-03-23
LEAD01299,CUST00230,ITM00175,432,2025-04-26
LEAD01300,CUST00162,PRO00013,373,2025-11-22
LEAD01301,CUST00029,ITM00021,55,2025-04-27
LEAD01302,CUST00329,PROD00132,213,2025-03-26
LEAD01303,CUST00491,ITM00166,184,2025-05-09
LEAD01304,CUST00314,PRO00150,291,2025-09-05
LEAD01305,CUST00267,SKU00188,310,2025-06-29
LEAD01306,CUST00282,ITM00015,203,2024-11-12
LEAD01307,,ITM00033,161,2025-05-13
LEAD01308,CUST00068,SKU00086,117,2025-08-31
LEAD01309,CUST00480,PROD00062,44,2024-11-08
LEAD01310,CUST00059,ITM00023,87,2026-02-20
LEAD01311,CUST00293,PROD00006,300,2026-03-20
LEAD01312,CUST00189,PROD00049,347,03-03-2026
LEAD01313,CUST00003,ITM00128,222,2025-10-08
LEAD01314,CUST00392,ITM00128,245,2025-03-10
LEAD01315,CUST00106,SKU00093,206,2026-06-06
LEAD01316,,ITM00175,262,2026-02-26
LEAD01317,CUST00207,PROD00008,385,2026-03-16
LEAD01318,CUST00091,PRO00038,,2025-08-23
LEAD01319,CUST00011,PRO00100,63,2026-05-26
LEAD01320,CUST00205,PROD00045,156,2025-04-29
LEAD01321,CUST00094,PROD00123,163,2026-01-27
LEAD01322,,PROD00059,167,2024-11-28
LEAD01323,CUST00166,SKU00138,99,2026-02-21
LEAD01324,CUST00426,PRO00150,474,2025-02-02
LEAD01325,CUST00157,PROD00187,461,2025-04-14
LEAD01326,CUST00304,PRO00097,181,2026-01-23
LEAD01327,CUST00087,ITM00023,186,
LEAD01328,CUST00320,PRO00028,445,2025-04-25
LEAD01329,CUST00358,PRO00109,302,
LEAD01330,CUST00203,SKU00194,23,2026-05-20
LEAD01331,,ITM00023,243,2025-04-10
LEAD01332,CUST00496,ITM00166,206,2025-07-05
LEAD01333,CUST00039,ITM00015,298,2025-10-06
LEAD01334,CUST00237,PROD00090,470,2025-12-24
LEAD01335,CUST00208,ITM00040,423,2025-07-06
LEAD01336,CUST00193,ITM00139,118,2025-03-13
LEAD01337,CUST00276,PRO00010,347,2025-07-24
LEAD01338,CUST00377,SKU00054,125,2026-01-07
LEAD01339,CUST00171,PRO00028,388,2025-02-05
LEAD01340,CUST00490,SKU00046,110,2024-10-20
LEAD01341,CUST00395,SKU00101,34,2026-04-17
LEAD01342,CUST00296,PRO00131,84,2025-12-07
LEAD01343,CUST00296,PRO00151,266,2026-05-30
LEAD01344,CUST00109,PRO00119,196,2025-02-09
LEAD01345,CUST00014,PRO00198,322,2025-02-27
LEAD01346,CUST00315,SKU00124,191,2024-12-04
LEAD01347,CUST00461,PROD00168,,2026-06-27
LEAD01348,CUST00147,ITM00025,167,
LEAD01349,CUST00281,PRO00195,342,2026-01-01
LEAD01350,CUST00067,SKU00089,450,2025-05-21
LEAD01351,CUST00388,PROD00191,399,2025-10-26
LEAD01352,CUST00374,PRO00104,33,2026-03-29
LEAD01353,CUST00399,SKU00118,156,2025-05-11
LEAD01354,CUST00287,SKU00120,434,2025-12-17
LEAD01355,CUST00196,SKU00002,382,06/23/2026
LEAD01356,CUST00021,PROD00008,339,2024-12-23
LEAD01357,CUST00088,PROD00164,199,2025-10-25
LEAD01358,CUST00316,ITM00114,79,2025-01-16
LEAD01359,CUST00192,SKU00179,179,2026-02-14
LEAD01360,CUST00361,ITM00071,403,2025-08-25
LEAD01361,CUST00093,PROD00168,376,
LEAD01362,CUST00219,ITM00105,448,2025-02-18
LEAD01363,CUST00204,PROD00107,356,2025-06-06
LEAD01364,CUST00001,PRO00060,26,2025-08-26
LEAD01365,CUST00116,PRO00010,382,2024-10-14
LEAD01366,CUST00093,ITM00091,198,2026-06-17
LEAD01367,CUST00293,SKU00130,245,2024-12-05
LEAD01368,CUST00028,PROD00125,,2025-05-19
LEAD01369,CUST00250,SKU00057,375,2026-01-22
LEAD01370,CUST00124,SKU00031,325,2025-07-28
LEAD01371,CUST00499,PRO00017,126,2026-04-25
LEAD01372,CUST00491,PRO00012,499,2025-04-16
LEAD01373,CUST00158,ITM00063,190,2025-11-18
LEAD01374,CUST00205,PROD00153,290,2024-11-12
LEAD01375,CUST00173,ITM00176,,2026-02-03
LEAD01376,CUST00292,SKU00079,201,2025-12-30
LEAD01377,CUST00252,SKU00120,21,2025-08-23
LEAD01378,,ITM00091,261,2025-07-27
LEAD01379,CUST00038,PROD00171,384,2025-07-15
LEAD01380,CUST00282,PRO00068,342,2026-02-20
LEAD01381,CUST00072,PROD00006,244,2025-03-22
LEAD01382,CUST00325,PRO00109,265,2025-05-06
LEAD01383,CUST00331,PRO00037,98,2026-04-09
LEAD01384,CUST00295,PRO00068,223,2026-01-10
LEAD01385,CUST00398,PRO00029,460,2025-09-13
LEAD01386,CUST00200,PRO00162,28,2024-10-21
LEAD01387,CUST00276,SKU00009,71,2025-01-20
LEAD01388,CUST00126,ITM00063,101,2025-07-01
LEAD01389,CUST00080,SKU00169,151,2025-06-27
LEAD01390,CUST00049,SKU00181,336,2026-05-24
LEAD01391,CUST00076,PRO00012,374,2025-12-29
LEAD01392,CUST00472,PRO00146,272,2026-06-25
LEAD01393,CUST00216,SKU00124,356,2025-12-10
LEAD01394,,PRO00029,93,2026-05-11
LEAD01395,CUST00303,SKU00072,358,2026-01-22
LEAD01396,CUST00325,PRO00047,224,2026-05-09
LEAD01397,CUST00415,PRO00052,242,2025-01-12
LEAD01398,CUST00086,ITM00175,432,2026-04-12
LEAD01399,CUST00366,PRO00151,183,2026-03-16
LEAD01400,CUST00354,SKU00069,427,2026-05-05
LEAD01401,CUST00317,SKU00124,425,2025-12-08
LEAD01402,CUST00330,PRO00032,107,2025-07-10
LEAD01403,CUST00085,PRO00092,20,2026-02-24
LEAD01404,CUST00147,PROD00062,407,2025-06-20
LEAD01405,CUST00217,PROD00160,306,2025-01-09
LEAD01406,,PROD00187,457,2024-11-06
LEAD01407,CUST00066,PRO00032,333,2026-06-30
LEAD01408,CUST00185,PRO00163,495,2025-08-13
LEAD01409,CUST00413,ITM00040,130,2025-11-26
LEAD01410,CUST00329,SKU00190,404,2026-01-11
LEAD01411,CUST00443,PRO00131,,2025-12-09
LEAD01412,CUST00282,PROD00108,487,
LEAD01413,CUST00351,PRO00095,266,2024-12-18
LEAD01414,CUST00416,ITM00071,487,2026-03-07
LEAD01415,CUST00098,PROD00056,106,2025-06-08
LEAD01416,CUST00205,SKU00031,349,2025-01-09
LEAD01417,CUST00056,ITM00070,63,2025-07-20
LEAD01418,CUST00216,PROD00178,300,2025-08-12
LEAD01419,CUST00305,PROD00090,15,2025-07-20
LEAD01420,CUST00282,PRO00012,309,2026-03-13
LEAD01421,CUST00438,SKU00098,438,2026-03-19
LEAD01422,CUST00134,PROD00125,,2026-01-14
LEAD01423,CUST00091,SKU00122,375,2025-07-01
LEAD01424,CUST00035,PRO00030,71,2025-11-11
LEAD01425,CUST00172,SKU00140,403,2025-03-08
LEAD01426,,ITM00127,,2025-06-11
LEAD01427,CUST00059,SKU00082,291,2025-11-19
LEAD01428,CUST00109,PROD00165,425,2024-12-28
LEAD01429,CUST00284,PRO00183,171,2026-02-26
LEAD01430,CUST00328,SKU00194,,08/05/2025
LEAD01431,CUST00359,SKU00179,439,2025-12-10
LEAD01432,CUST00418,SKU00009,169,2025-10-15
LEAD01433,CUST00449,PRO00180,391,2025-03-29
LEAD01434,CUST00196,PROD00051,320,2025-11-09
LEAD01435,CUST00213,SKU00140,94,2025-03-18
LEAD01436,CUST00125,ITM00033,198,2025-10-07
LEAD01437,CUST00002,SKU00089,407,2026-05-16
LEAD01438,CUST00017,SKU00143,467,2024-11-13
LEAD01439,CUST00168,ITM00036,112,2025-05-13
LEAD01440,CUST00074,ITM00050,96,2025-07-11
LEAD01441,CUST00183,PRO00081,391,2025-12-24
LEAD01442,CUST00307,PRO00055,222,2026-04-29
LEAD01443,CUST00149,ITM00189,315,2025-01-28
LEAD01444,,PROD00164,484,2026-06-05
LEAD01445,CUST00097,PROD00044,439,2025-06-14
LEAD01446,CUST00491,PROD00164,,
LEAD01447,CUST00474,SKU00020,122,2026-03-05
LEAD01448,CUST00248,ITM00034,381,
LEAD01449,CUST00042,ITM00111,186,
LEAD01450,CUST00159,PRO00027,94,2024-12-01
LEAD01451,CUST00334,PRO00005,281,2024-10-03
LEAD01452,CUST00332,PRO00100,179,2025-08-07
LEAD01453,CUST00302,ITM00172,300,2026-05-26
LEAD01454,CUST00149,SKU00061,158,2025-08-07
LEAD01455,CUST00422,SKU00197,326,
LEAD01456,CUST00088,PROD00165,47,2026-05-28
LEAD01457,,SKU00169,352,2024-12-06
LEAD01458,CUST00357,PROD00056,43,2026-03-10
LEAD01459,CUST00063,SKU00196,211,2026-05-10
LEAD01460,CUST00158,SKU00054,212,2025-12-02
LEAD01461,CUST00099,PROD00129,165,2025-12-27
LEAD01462,CUST00065,PROD00165,275,2025-04-25
LEAD01463,CUST00285,ITM00077,318,
LEAD01464,CUST00295,PROD00136,269,2024-12-03
LEAD01465,CUST00099,ITM00070,132,2025-07-05
LEAD01466,CUST00091,SKU00098,371,2025-01-12
LEAD01467,CUST00126,PRO00074,123,2025-02-17
LEAD01468,CUST00492,PRO00005,257,2026-02-12
LEAD01469,CUST00252,ITM00050,18,2024-12-01
LEAD01470,CUST00405,ITM00189,467,2024-12-27
LEAD01471,CUST00486,PROD00192,325,2025-02-15
LEAD01472,CUST00178,PROD00090,247,2025-12-25
LEAD01473,,PROD00165,77,2024-11-02
LEAD01474,CUST00169,PROD00008,493,2024-11-08
LEAD01475,CUST00205,ITM00200,247,2024-11-22
LEAD01476,CUST00109,ITM00126,332,2025-07-10
LEAD01477,CUST00398,PRO00100,376,2026-04-04
LEAD01478,CUST00483,SKU00089,27,2025-06-14
LEAD01479,CUST00449,SKU00057,115,2024-12-07
LEAD01480,CUST00126,PRO00161,391,2026-01-29
LEAD01481,CUST00228,PROD00145,343,2026-06-11
LEAD01482,CUST00286,ITM00114,178,
LEAD01483,CUST00294,SKU00116,,2024-11-02
LEAD01484,CUST00363,ITM00110,369,2025-02-11
LEAD01485,,SKU00057,20,2025-09-22
LEAD01486,CUST00222,PRO00151,456,2026-03-05
LEAD01487,,SKU00118,,2024-10-14
LEAD01488,CUST00472,ITM00200,236,2025-09-01
LEAD01489,CUST00201,ITM00050,483,2026-01-27
LEAD01490,CUST00254,ITM00023,155,2025-01-20
LEAD01491,CUST00167,SKU00122,454,2025-06-28
LEAD01492,CUST00456,SKU00035,176,2024-10-27
LEAD01493,CUST00405,PRO00198,444,2026-01-20
LEAD01494,CUST00141,ITM00113,497,2025-04-26
LEAD01495,CUST00439,PROD00153,459,2025-02-17
LEAD01496,CUST00372,SKU00046,49,2024-12-24
LEAD01497,CUST00013,PROD00160,387,2025-04-02
LEAD01498,CUST00284,PRO00066,338,2025-01-06
LEAD01499,CUST00082,ITM00034,282,2024-12-19
LEAD01500,CUST00092,PRO00019,26,2025-11-30
